Workbook

Sheet Product List
A1: Product List | B1: Product Name | C1: Product ID | D1: Product Name | E1: Supplier | F1: Price
A2: Milk Product_1 | B2: Cheese Mozorella | C2: =A2 & "_ " & B2 -> Milk Product_1_ Cheese Mozorella | D2: Cheese Mozorella | E2: Blink IT | F2: 535
A3: Milk Product_2 | B3: Butter | C3: =A3 & "_ " & B3 -> Milk Product_2_ Butter | D3: Butter | E3: Blink IT | F3: 290
A4: Milk Product_3 | B4: Cheese Liquid | C4: =A4 & "_ " & B4 -> Milk Product_3_ Cheese Liquid | D4: Cheese Liquid | E4: Kailash_Mandir | F4: 180
A5: Milk Product_4 | B5: Cheese Slice | C5: =A5 & "_ " & B5 -> Milk Product_4_ Cheese Slice | D5: Cheese Slice | E5: Blink IT | F5: 109
A6: Milk Product_5 | B6: Paneer per kg | C6: =A6 & "_ " & B6 -> Milk Product_5_ Paneer per kg | D6: Paneer per kg | E6: Shiv Dairy | F6: 330
A7: Bread Product_1 | B7: Jambo_Bread | C7: =A7 & "_ " & B7 -> Bread Product_1_ Jambo_Bread | D7: Jambo_Bread | E7: Gupta Ji | F7: 70
A8: Bread Product_2 | B8: Pizaa Base 10 inch | C8: =A8 & "_ " & B8 -> Bread Product_2_ Pizaa Base 10 inch | D8: Pizaa Base 10 inch | E8: Delicious Brakrey | F8: 40
A9: Bread Product_3 | B9: Pizaa Base 7 inch | C9: =A9 & "_ " & B9 -> Bread Product_3_ Pizaa Base 7 inch | D9: Pizaa Base 7 inch | E9: Delicious Brakrey | F9: 40
A10: Bread Product_4 | B10: Burgure | C10: =A10 & "_ " & B10 -> Bread Product_4_ Burgure | D10: Burgure | E10: Amit | F10: 45
A11: Bread Product_5 | B11: Totrilla_Wrap | C11: =A11 & "_ " & B11 -> Bread Product_5_ Totrilla_Wrap | D11: Totrilla_Wrap | E11: Kailash_Mandir | F11: 80
A12: Sauces Product_1 | B12: Mayonnaise_white | C12: =A12 & "_ " & B12 -> Sauces Product_1_ Mayonnaise_white | D12: Mayonnaise_white | E12: Kailash_Mandir | F12: 110
A13: Sauces Product_2 | B13: Tandoori_Mayonnise | C13: =A13 & "_ " & B13 -> Sauces Product_2_ Tandoori_Mayonnise | D13: Tandoori_Mayonnise | E13: Kailash_Mandir | F13: 180
... A21: Spice Product_4 | B21: Peri Peri masala | C21: =A21 & "_ " & B21 -> Spice Product_4_ Peri Peri masala | D21: Peri Peri masala | E21: Garg_JDN | F21: 125
A22: Spice Product_5 | B22: Garam masala | C22: =A22 & "_ " & B22 -> Spice Product_5_ Garam masala | D22: Garam masala | E22: Garg_JDN
A23: Spice Product_6 | B23: Chat Masala | C23: =A23 & "_ " & B23 -> Spice Product_6_ Chat Masala | D23: Chat Masala | E23: Garg_JDN
A24: Spice Product_7 | B24: Black Pepper | C24: =A24 & "_ " & B24 -> Spice Product_7_ Black Pepper | D24: Black Pepper | E24: Garg_JDN
A25: Spice Product_8 | B25: Salt | C25: =A25 & "_ " & B25 -> Spice Product_8_ Salt | D25: Salt | E25: Garg_JDN
A26: Pansari Product_1 | B26: Soya per kg | C26: =A26 & "_ " & B26 -> Pansari Product_1_ Soya per kg | D26: Soya per kg | E26: Arvind
A27: Pansari Product_2 | B27: Rice Per Kg | C27: =A27 & "_ " & B27 -> Pansari Product_2_ Rice Per Kg | D27: Rice Per Kg | E27: Arvind
A28: Vege Product_1 | B28: Potato Per Kg | C28: =A28 & "_ " & B28 -> Vege Product_1_ Potato Per Kg | D28: Potato Per Kg | E28: Mandi
A29: Vege Product_2 | B29: Tomato Per Kg | C29: =A29 & "_ " & B29 -> Vege Product_2_ Tomato Per Kg | D29: Tomato Per Kg | E29: Mandi
A30: Vege Product_3 | B30: Onion Per Kg | C30: =A30 & "_ " & B30 -> Vege Product_3_ Onion Per Kg | D30: Onion Per Kg | E30: Mandi
A31: Vege Product_4 | B31: Capcium Per Kg | C31: =A31 & "_ " & B31 -> Vege Product_4_ Capcium Per Kg | D31: Capcium Per Kg | E31: Mandi
A32: Vege Product_5 | B32: Bines Per Kg | C32: =A32 & "_ " & B32 -> Vege Product_5_ Bines Per Kg | D32: Bines Per Kg | E32: Mandi
A33: Vege Product_6 | B33: Carrot Per Kg | C33: =A33 & "_ " & B33 -> Vege Product_6_ Carrot Per Kg | D33: Carrot Per Kg | E33: Mandi
... A41: Packing_Product_5 | B41: wrap Box | C41: =A41 & "_ " & B41 -> Packing_Product_5_ wrap Box | D41: wrap Box | E41: Prit Vihar

Sheet Sheet1
A1: Supplier
A2: Blink IT
A3: Kailash_Mandir
A4: Shiv Dairy
A5: Gupta Ji
A6: Delicious Brakrey
A7: Amit
A8: Garg_JDN
A9: Arvind
A10: Mandi

Sheet Purchase Entries
A1: S. Number | B1: Product ID | C1: Product Name | D1: Supplier | E1: Price | F1: Quantity | G1: Date of Purchase | H1: Notes | I1: Total
A2: 1 | B2: Milk Product_1_ Cheese Mozorella | C2: =VLOOKUP($B2,'Product List'!$C:$F,{2,3,4},) -> Cheese Mozorella | D2: =VLOOKUP($B2,'Product List'!$C:$F,{3},) -> Blink IT | E2: =VLOOKUP($B2,'Product List'!$C:$F,4,) -> 535 | F2: 1 | G2: 45991 | I2: =F2*E2 -> 535
A3: 2 | B3: Milk Product_2_ Butter | C3: =VLOOKUP($B3,'Product List'!$C:$F,{2,3,4},) -> Butter | D3: =VLOOKUP($B3,'Product List'!$C:$F,{3},) -> Blink IT | E3: =VLOOKUP($B3,'Product List'!$C:$F,4,) -> 290 | F3: 1 | G3: 45991 | I3: =F3*E3 -> 290
A4: 3 | B4: Milk Product_3_ Cheese Liquid | C4: =VLOOKUP($B4,'Product List'!$C:$F,{2,3,4},) -> Cheese Liquid | D4: =VLOOKUP($B4,'Product List'!$C:$F,{3},) -> Kailash_Mandir | E4: =VLOOKUP($B4,'Product List'!$C:$F,4,) -> 180 | F4: 1 | G4: 45991 | I4: =F4*E4 -> 180
A5: 4 | B5: Milk Product_4_ Cheese Slice | C5: =VLOOKUP($B5,'Product List'!$C:$F,{2,3,4},) -> Cheese Slice | D5: =VLOOKUP($B5,'Product List'!$C:$F,{3},) -> Blink IT | E5: =VLOOKUP($B5,'Product List'!$C:$F,4,) -> 109 | F5: 1 | G5: 45991 | I5: =F5*E5 -> 109
A6: 5 | B6: Milk Product_5_ Paneer per kg | C6: =VLOOKUP($B6,'Product List'!$C:$F,{2,3,4},) -> Paneer per kg | D6: =VLOOKUP($B6,'Product List'!$C:$F,{3},) -> Shiv Dairy | E6: =VLOOKUP($B6,'Product List'!$C:$F,4,) -> 330 | F6: 2 | G6: 45991 | I6: =E6/F6 -> 165
A7: 6 | B7: Bread Product_1_ Jambo_Bread | C7: =VLOOKUP($B7,'Product List'!$C:$F,{2,3,4},) -> Jambo_Bread | D7: =VLOOKUP($B7,'Product List'!$C:$F,{3},) -> Gupta Ji | E7: =VLOOKUP($B7,'Product List'!$C:$F,4,) -> 70 | F7: 1 | G7: 45991 | I7: =F7*E7 -> 70
A8: 7 | B8: Bread Product_2_ Pizaa Base 10 inch | C8: =VLOOKUP($B8,'Product List'!$C:$F,{2,3,4},) -> Pizaa Base 10 inch | D8: =VLOOKUP($B8,'Product List'!$C:$F,{3},) -> Delicious Brakrey | E8: =VLOOKUP($B8,'Product List'!$C:$F,4,) -> 40 | F8: 1 | G8: 45991 | I8: =F8*E8 -> 40
A9: 8 | B9: Bread Product_3_ Pizaa Base 7 inch | C9: =VLOOKUP($B9,'Product List'!$C:$F,{2,3,4},) -> Pizaa Base 7 inch | D9: =VLOOKUP($B9,'Product List'!$C:$F,{3},) -> Delicious Brakrey | E9: =VLOOKUP($B9,'Product List'!$C:$F,4,) -> 40 | F9: 1 | G9: 45991 | I9: =F9*E9 -> 40
A10: 9 | B10: Bread Product_4_ Burgure | C10: =VLOOKUP($B10,'Product List'!$C:$F,{2,3,4},) -> Burgure | D10: =VLOOKUP($B10,'Product List'!$C:$F,{3},) -> Amit | E10: =VLOOKUP($B10,'Product List'!$C:$F,4,) -> 45 | F10: 1 | G10: 45991 | I10: =F10*E10 -> 45
A11: 10 | B11: Bread Product_5_ Totrilla_Wrap | C11: =VLOOKUP($B11,'Product List'!$C:$F,{2,3,4},) -> Totrilla_Wrap | D11: =VLOOKUP($B11,'Product List'!$C:$F,{3},) -> Kailash_Mandir | E11: =VLOOKUP($B11,'Product List'!$C:$F,4,) -> 80 | F11: 1 | G11: 45991 | I11: =F11*E11 -> 80
A12: 11 | B12: Sauces Product_1_ Mayonnaise_white | C12: =VLOOKUP($B12,'Product List'!$C:$F,{2,3,4},) -> Mayonnaise_white | D12: =VLOOKUP($B12,'Product List'!$C:$F,{3},) -> Kailash_Mandir | E12: =VLOOKUP($B12,'Product List'!$C:$F,4,) -> 110 | F12: 1 | G12: 45991 | I12: =F12*E12 -> 110
A13: 12 | B13: Sauces Product_2_ Tandoori_Mayonnise | C13: =VLOOKUP($B13,'Product List'!$C:$F,{2,3,4},) -> Tandoori_Mayonnise | D13: =VLOOKUP($B13,'Product List'!$C:$F,{3},) -> Kailash_Mandir | E13: =VLOOKUP($B13,'Product List'!$C:$F,4,) -> 180 | F13: 1 | G13: 45991 | I13: =F13*E13 -> 180
A14: 13 | B14: Sauces Product_3_ Pizaapasta | C14: =VLOOKUP($B14,'Product List'!$C:$F,{2,3,4},) -> Pizaapasta | D14: =VLOOKUP($B14,'Product List'!$C:$F,{3},) -> Kailash_Mandir | E14: =VLOOKUP($B14,'Product List'!$C:$F,4,) -> 160 | F14: 1 | G14: 45991 | I14: =F14*E14 -> 160
A15: 14 | B15: Sauces Product_4_ Siracha | C15: =VLOOKUP($B15,'Product List'!$C:$F,{2,3,4},) -> Siracha | D15: =VLOOKUP($B15,'Product List'!$C:$F,{3},) -> Blink IT | E15: =VLOOKUP($B15,'Product List'!$C:$F,4,) -> 210 | F15: 1 | G15: 45991 | I15: =F15*E15 -> 210
A16: 15 | B16: Sauces Product_5_ Salsa | C16: =VLOOKUP($B16,'Product List'!$C:$F,{2,3,4},) -> Salsa | D16: =VLOOKUP($B16,'Product List'!$C:$F,{3},) -> Blink IT | E16: =VLOOKUP($B16,'Product List'!$C:$F,4,) -> 151 | F16: 1 | G16: 45991 | I16: =F16*E16 -> 151
A17: 16 | B17: Sauces Product_6_ Tomato ketchup | C17: =VLOOKUP($B17,'Product List'!$C:$F,{2,3,4},) -> Tomato ketchup | D17: =VLOOKUP($B17,'Product List'!$C:$F,{3},) -> Kailash_Mandir | E17: =VLOOKUP($B17,'Product List'!$C:$F,4,) -> 90 | F17: 1 | G17: 45991 | I17: =F17*E17 -> 90
A18: 17 | B18: Spice Product_1_ Chilli flakes | C18: =VLOOKUP($B18,'Product List'!$C:$F,{2,3,4},) -> Chilli flakes | D18: =VLOOKUP($B18,'Product List'!$C:$F,{3},) -> Kailash_Mandir | E18: =VLOOKUP($B18,'Product List'!$C:$F,4,) -> 180 | F18: 1 | G18: 45991 | I18: =F18*E18 -> 180
... A21: 20 | B21: Spice Product_4_ Peri Peri masala | C21: =VLOOKUP($B21,'Product List'!$C:$F,{2,3,4},) -> Peri Peri masala | D21: =VLOOKUP($B21,'Product List'!$C:$F,{3},) -> Garg_JDN | E21: =VLOOKUP($B21,'Product List'!$C:$F,4,) -> 125 | F21: 1 | G21: 45991 | I21: =F21*E21 -> 125
A22: 21 | C22: =VLOOKUP($B22,'Product List'!$C:$F,{2,3,4},) -> #N/A | D22: =VLOOKUP($B22,'Product List'!$C:$F,{3},) -> #N/A | E22: =VLOOKUP($B22,'Product List'!$C:$F,4,) -> #N/A
A23: 22 | C23: =VLOOKUP($B23,'Product List'!$C:$F,{2,3,4},) -> #N/A | D23: =VLOOKUP($B23,'Product List'!$C:$F,{3},) -> #N/A | E23: =VLOOKUP($B23,'Product List'!$C:$F,4,) -> #N/A
A24: 23 | C24: =VLOOKUP($B24,'Product List'!$C:$F,{2,3,4},) -> #N/A | D24: =VLOOKUP($B24,'Product List'!$C:$F,{3},) -> #N/A | E24: =VLOOKUP($B24,'Product List'!$C:$F,4,) -> #N/A
